<?xml version="1.0"?>
<doc>
    <assembly>
        <name>NuGet.Packaging.Core.Types</name>
    </assembly>
    <members>
        <member name="T:NuGet.Packaging.Core.ContentFilesEntry">
            <summary>
            metadata/contentFiles/files entry from a nuspec
            </summary>
        </member>
        <member name="P:NuGet.Packaging.Core.ContentFilesEntry.Include">
            <summary>
            Included files
            </summary>
            <remarks>Required</remarks>
        </member>
        <member name="P:NuGet.Packaging.Core.ContentFilesEntry.Exclude">
            <summary>
            Excluded files
            </summary>
        </member>
        <member name="P:NuGet.Packaging.Core.ContentFilesEntry.BuildAction">
            <summary>
            Build action
            </summary>
        </member>
        <member name="P:NuGet.Packaging.Core.ContentFilesEntry.CopyToOutput">
            <summary>
            If true the item will be copied to the output folder.
            </summary>
        </member>
        <member name="P:NuGet.Packaging.Core.ContentFilesEntry.Flatten">
            <summary>
            If true the content items will keep the same folder structure in the output
            folder.
            </summary>
        </member>
        <member name="T:NuGet.Packaging.Core.PackageDependency">
            <summary>
            Represents a package dependency Id and allowed version range.
            </summary>
        </member>
        <member name="P:NuGet.Packaging.Core.PackageDependency.Id">
            <summary>
            Dependency package Id
            </summary>
        </member>
        <member name="P:NuGet.Packaging.Core.PackageDependency.Include">
            <summary>
            Types to include from the dependency package.
            </summary>
        </member>
        <member name="P:NuGet.Packaging.Core.PackageDependency.Exclude">
            <summary>
            Types to exclude from the dependency package.
            </summary>
        </member>
        <member name="P:NuGet.Packaging.Core.PackageDependency.VersionRange">
            <summary>
            Range of versions allowed for the depenency
            </summary>
        </member>
        <member name="M:NuGet.Packaging.Core.PackageDependency.GetHashCode">
            <summary>
            Hash code from the default PackageDependencyComparer
            </summary>
        </member>
        <member name="M:NuGet.Packaging.Core.PackageDependency.ToString">
            <summary>
            Id and Version range string
            </summary>
        </member>
        <member name="T:NuGet.Packaging.Core.PackageDependencyInfo">
            <summary>
            Represents a package identity and the dependencies of a package.
            </summary>
            <remarks>
            This class does not support groups of dependencies, the group will need to be selected before
            populating this.
            </remarks>
        </member>
        <member name="M:NuGet.Packaging.Core.PackageDependencyInfo.#ctor(System.String,NuGet.Versioning.NuGetVersion,System.Collections.Generic.IEnumerable{NuGet.Packaging.Core.PackageDependency})">
            <summary>
            Represents a package identity and the dependencies of a package.
            </summary>
            <param name="id">package name</param>
            <param name="version">package version</param>
            <param name="dependencies">package dependencies</param>
        </member>
        <member name="P:NuGet.Packaging.Core.PackageDependencyInfo.Dependencies">
            <summary>
            Package dependencies
            </summary>
        </member>
        <member name="M:NuGet.Packaging.Core.PackageDependencyInfo.GetHashCode">
            <summary>
            Hash code from the default PackageDependencyInfoComparer
            </summary>
            <returns></returns>
        </member>
        <member name="M:NuGet.Packaging.Core.PackageDependencyInfo.ToString">
            <summary>
            Example: Id : Dependency1, Dependency2
            </summary>
            <returns></returns>
        </member>
        <member name="T:NuGet.Packaging.Core.PackageIdentity">
            <summary>
            Represents the core identity of a nupkg.
            </summary>
        </member>
        <member name="M:NuGet.Packaging.Core.PackageIdentity.#ctor(System.String,NuGet.Versioning.NuGetVersion)">
            <summary>
            Creates a new package identity.
            </summary>
            <param name="id">name</param>
            <param name="version">version</param>
        </member>
        <member name="P:NuGet.Packaging.Core.PackageIdentity.Id">
            <summary>
            Package name
            </summary>
        </member>
        <member name="P:NuGet.Packaging.Core.PackageIdentity.Version">
            <summary>
            Package Version
            </summary>
            <remarks>can be null</remarks>
        </member>
        <member name="P:NuGet.Packaging.Core.PackageIdentity.HasVersion">
            <summary>
            True if the version is non-null
            </summary>
        </member>
        <member name="M:NuGet.Packaging.Core.PackageIdentity.Equals(NuGet.Packaging.Core.PackageIdentity)">
            <summary>
            True if the package identities are the same.
            </summary>
            <param name="other"></param>
            <returns></returns>
        </member>
        <member name="M:NuGet.Packaging.Core.PackageIdentity.Equals(NuGet.Packaging.Core.PackageIdentity,NuGet.Versioning.VersionComparison)">
            <summary>
            True if the identity objects are equal based on the given comparison mode.
            </summary>
        </member>
        <member name="M:NuGet.Packaging.Core.PackageIdentity.CompareTo(NuGet.Packaging.Core.PackageIdentity)">
            <summary>
            Sorts based on the id, then version
            </summary>
        </member>
        <member name="M:NuGet.Packaging.Core.PackageIdentity.Equals(System.Object)">
            <summary>
            Compare using the default comparer.
            </summary>
        </member>
        <member name="M:NuGet.Packaging.Core.PackageIdentity.GetHashCode">
            <summary>
            Creates a hash code using the default comparer.
            </summary>
        </member>
        <member name="P:NuGet.Packaging.Core.PackageIdentity.Comparer">
            <summary>
            An equality comparer that checks the id, version, and version release label.
            </summary>
        </member>
        <member name="M:NuGet.Packaging.Core.PackageIdentity.ToString">
            <summary>
            PackageIdentity.ToString returns packageId.packageVersion"
            </summary>
        </member>
        <member name="F:NuGet.Packaging.Core.PackagingCoreConstants.EmptyFolder">
            <summary>
            _._ denotes an empty folder since OPC does not allow an
            actual empty folder.
            </summary>
        </member>
        <member name="F:NuGet.Packaging.Core.PackagingCoreConstants.ForwardSlashEmptyFolder">
            <summary>
            /_._ can be used to check empty folders from package readers where the / is normalized.
            </summary>
        </member>
        <member name="T:NuGet.Packaging.Core.IPackageIdentityComparer">
            <summary>
            Compares the id and version of a package
            </summary>
        </member>
        <member name="F:NuGet.Packaging.Core.PackageDependencyComparer.Default">
            <summary>
            Default comparer
            Null ranges and the All range are treated as equal.
            </summary>
        </member>
        <member name="P:NuGet.Packaging.Core.PackageDependencyInfoComparer.Default">
            <summary>
            Default comparer
            </summary>
        </member>
        <member name="T:NuGet.Packaging.Core.PackageIdentityComparer">
            <summary>
            Compares the Id, Version, and Version release label. Version build metadata is ignored.
            </summary>
        </member>
        <member name="M:NuGet.Packaging.Core.PackageIdentityComparer.#ctor">
            <summary>
            Default version range comparer.
            </summary>
        </member>
        <member name="M:NuGet.Packaging.Core.PackageIdentityComparer.#ctor(NuGet.Versioning.VersionComparison)">
            <summary>
            Compare versions with a specific VersionComparison
            </summary>
        </member>
        <member name="M:NuGet.Packaging.Core.PackageIdentityComparer.#ctor(NuGet.Versioning.IVersionComparer)">
            <summary>
            Compare versions with a specific IVersionComparer
            </summary>
        </member>
        <member name="P:NuGet.Packaging.Core.PackageIdentityComparer.Default">
            <summary>
            Default comparer that compares on the id, version, and version release labels.
            </summary>
        </member>
        <member name="M:NuGet.Packaging.Core.PackageIdentityComparer.Equals(NuGet.Packaging.Core.PackageIdentity,NuGet.Packaging.Core.PackageIdentity)">
            <summary>
            True if the package identities are the same when ignoring build metadata.
            </summary>
        </member>
        <member name="M:NuGet.Packaging.Core.PackageIdentityComparer.GetHashCode(NuGet.Packaging.Core.PackageIdentity)">
            <summary>
            Hash code of the id and version
            </summary>
        </member>
        <member name="M:NuGet.Packaging.Core.PackageIdentityComparer.Compare(NuGet.Packaging.Core.PackageIdentity,NuGet.Packaging.Core.PackageIdentity)">
            <summary>
            Compares on the Id first, then version
            </summary>
        </member>
        <member name="T:NuGet.Packaging.FrameworkSpecificGroup">
            <summary>
            A group of items/files from a nupkg with the same target framework.
            </summary>
        </member>
        <member name="M:NuGet.Packaging.FrameworkSpecificGroup.#ctor(NuGet.Frameworks.NuGetFramework,System.Collections.Generic.IEnumerable{System.String})">
            <summary>
            Framework specific group
            </summary>
            <param name="targetFramework">group target framework</param>
            <param name="items">group items</param>
        </member>
        <member name="P:NuGet.Packaging.FrameworkSpecificGroup.TargetFramework">
            <summary>
            Group target framework
            </summary>
        </member>
        <member name="P:NuGet.Packaging.FrameworkSpecificGroup.Items">
            <summary>
            Item relative paths
            </summary>
        </member>
        <member name="T:NuGet.Packaging.PackageDependencyGroup">
            <summary>
            Package dependencies grouped to a target framework.
            </summary>
        </member>
        <member name="M:NuGet.Packaging.PackageDependencyGroup.#ctor(NuGet.Frameworks.NuGetFramework,System.Collections.Generic.IEnumerable{NuGet.Packaging.Core.PackageDependency})">
            <summary>
            Dependency group
            </summary>
            <param name="targetFramework">target framework</param>
            <param name="packages">dependant packages</param>
        </member>
        <member name="P:NuGet.Packaging.PackageDependencyGroup.TargetFramework">
            <summary>
            Dependency group target framework
            </summary>
        </member>
        <member name="P:NuGet.Packaging.PackageDependencyGroup.Packages">
            <summary>
            Package dependencies
            </summary>
        </member>
        <member name="M:NuGet.Shared.EqualityUtility.OrderedEquals``2(System.Collections.Generic.IEnumerable{``0},System.Collections.Generic.IEnumerable{``0},System.Func{``0,``1},System.Collections.Generic.IComparer{``1},System.Collections.Generic.IEqualityComparer{``0})">
            <summary>
            Compares two enumberables for equality, ordered according to the specified key and optional comparer. Handles null values gracefully.
            </summary>
            <typeparam name="TSource">The type of the list</typeparam>
            <typeparam name="TKey">The type of the sorting key</typeparam>
            <param name="self">This list</param>
            <param name="other">The other list</param>
            <param name="keySelector">The function to extract the key from each item in the list</param>
            <param name="orderComparer">An optional comparer for comparing keys</param>
            <param name="sequenceComparer">An optional comparer for sequences</param>
        </member>
        <member name="M:NuGet.Shared.EqualityUtility.SequenceEqualWithNullCheck``1(System.Collections.Generic.IEnumerable{``0},System.Collections.Generic.IEnumerable{``0},System.Collections.Generic.IEqualityComparer{``0})">
            <summary>
            Compares two sequence for equality, allowing either sequence to be null. If one is null, both have to be
            null for equality.
            </summary>
        </member>
        <member name="T:NuGet.Shared.HashCodeCombiner">
            <summary>
            Hash code creator, based on the original NuGet hash code combiner/ASP hash code combiner implementations
            </summary>
        </member>
        <member name="M:NuGet.Shared.HashCodeCombiner.GetHashCode(System.Object[])">
            <summary>
            Create a unique hash code for the given set of items
            </summary>
        </member>
    </members>
</doc>
