<?xml version="1.0"?>
<doc>
    <assembly>
        <name>NuGet.Client</name>
    </assembly>
    <members>
        <member name="T:NuGet.Client.AnyFramework">
            <summary>
            An internal NuGetFramework marker for ManagedCodeConventions.
            Most conventions disallow the string 'any' as a txm, so to allow
            it for conventions with no txm in the path we use this special type.
            </summary>
        </member>
        <member name="T:NuGet.Client.ManagedCodeConventions">
            <summary>
            Defines all the package conventions used by Managed Code packages
            </summary>
        </member>
        <member name="P:NuGet.Client.ManagedCodeConventions.ManagedCodePatterns.AnyTargettedFile">
            <summary>
            Pattern used to locate all files targetted at a specific runtime and/or framework
            </summary>
        </member>
        <member name="P:NuGet.Client.ManagedCodeConventions.ManagedCodePatterns.RuntimeAssemblies">
            <summary>
            Pattern used to locate all files designed for loading as managed code assemblies at run-time
            </summary>
        </member>
        <member name="P:NuGet.Client.ManagedCodeConventions.ManagedCodePatterns.CompileAssemblies">
            <summary>
            Pattern used to locate all files designed for using as managed code references at compile-time
            </summary>
        </member>
        <member name="P:NuGet.Client.ManagedCodeConventions.ManagedCodePatterns.NativeLibraries">
            <summary>
            Pattern used to locate all files designed for loading as native code libraries at run-time
            </summary>
        </member>
        <member name="P:NuGet.Client.ManagedCodeConventions.ManagedCodePatterns.ResourceAssemblies">
            <summary>
            Pattern used to locate all files designed for loading as managed code resource assemblies at run-time
            </summary>
        </member>
        <member name="P:NuGet.Client.ManagedCodeConventions.ManagedCodePatterns.MSBuildFiles">
            <summary>
            Pattern used to identify MSBuild targets and props files
            </summary>
        </member>
        <member name="P:NuGet.Client.ManagedCodeConventions.ManagedCodePatterns.MSBuildMultiTargetingFiles">
            <summary>
            Pattern used to identify MSBuild global targets and props files
            </summary>
        </member>
        <member name="P:NuGet.Client.ManagedCodeConventions.ManagedCodePatterns.ContentFiles">
            <summary>
            Pattern used to identify content files
            </summary>
        </member>
        <member name="M:NuGet.Shared.EqualityUtility.OrderedEquals``2(System.Collections.Generic.IEnumerable{``0},System.Collections.Generic.IEnumerable{``0},System.Func{``0,``1},System.Collections.Generic.IComparer{``1},System.Collections.Generic.IEqualityComparer{``0})">
            <summary>
            Compares two enumberables for equality, ordered according to the specified key and optional comparer. Handles null values gracefully.
            </summary>
            <typeparam name="TSource">The type of the list</typeparam>
            <typeparam name="TKey">The type of the sorting key</typeparam>
            <param name="self">This list</param>
            <param name="other">The other list</param>
            <param name="keySelector">The function to extract the key from each item in the list</param>
            <param name="orderComparer">An optional comparer for comparing keys</param>
            <param name="sequenceComparer">An optional comparer for sequences</param>
        </member>
        <member name="M:NuGet.Shared.EqualityUtility.SequenceEqualWithNullCheck``1(System.Collections.Generic.IEnumerable{``0},System.Collections.Generic.IEnumerable{``0},System.Collections.Generic.IEqualityComparer{``0})">
            <summary>
            Compares two sequence for equality, allowing either sequence to be null. If one is null, both have to be
            null for equality.
            </summary>
        </member>
        <member name="T:NuGet.Shared.HashCodeCombiner">
            <summary>
            Hash code creator, based on the original NuGet hash code combiner/ASP hash code combiner implementations
            </summary>
        </member>
        <member name="M:NuGet.Shared.HashCodeCombiner.GetHashCode(System.Object[])">
            <summary>
            Create a unique hash code for the given set of items
            </summary>
        </member>
    </members>
</doc>
